Reservoir,Site,Transect,DateTime,Depth_m,Ebu_rate,Diff_rate,Flag_depth,Flag_ebu,Flag_diff
FCR,s3,NT,2015-05-25,1,10.876825,NA,0,0,1
FCR,s3,NT,2015-06-01,1,20.12433333,NA,0,0,1
FCR,s3,NT,2015-06-08,1,32.45771429,NA,0,0,1
FCR,s3,NT,2015-06-15,1,42.71972,NA,0,0,1
FCR,s3,NT,2015-06-22,1,78.3412,NA,0,0,1
FCR,s3,NT,2015-06-29,1,70.507825,NA,0,0,1
FCR,s3,NT,2015-07-06,1,54.84185,NA,0,0,1
FCR,s3,NT,2015-07-13,1,67.74985,NA,0,0,1
FCR,s3,NT,2015-07-20,1,52.872875,NA,0,0,1
FCR,s3,NT,2015-07-27,1,75.51075,NA,0,0,1
FCR,s3,NT,2015-08-03,1,52.2568,NA,0,0,1
FCR,s3,NT,2015-08-10,1,63.6416,NA,0,0,1
FCR,s3,NT,2015-08-17,1,67.30005,NA,0,0,1
FCR,s3,NT,2015-08-24,1,23.286575,NA,0,0,1
FCR,s3,NT,2015-08-31,1,31.787675,NA,0,0,1
FCR,s3,NT,2015-09-07,1,44.753925,NA,0,0,1
FCR,s3,NT,2015-09-14,1,13.841975,NA,0,0,1
FCR,s3,NT,2015-09-21,1,23.80902,NA,0,0,1
FCR,s3,NT,2015-09-28,1,8.87015,NA,0,0,1
FCR,s3,NT,2015-10-05,1,7.59325,NA,0,0,1
FCR,s3,NT,2015-10-19,1,3.7195,NA,0,0,1
FCR,s3,NT,2015-11-09,1,2.92805,NA,0,0,1
FCR,s3,NT,2015-12-07,1,1.218966667,NA,0,0,1
FCR,s3,NT,2016-03-30,1,5.73845,NA,0,0,1
FCR,s3,NT,2016-04-11,1,3.651325,NA,0,0,1
FCR,s3,NT,2016-04-25,1,8.904025,NA,0,0,1
FCR,s3,NT,2016-05-02,1,21.0452,NA,0,0,1
FCR,s3,NT,2016-05-09,1,12.48435,NA,0,0,1
FCR,s3,NT,2016-05-16,1,30.267075,NA,0,0,1
FCR,s3,NT,2016-05-23,1,30.5024,NA,0,0,1
FCR,s3,NT,2016-05-30,1,48.188175,NA,0,0,1
FCR,s3,NT,2016-06-06,1,30.0152,NA,0,0,1
FCR,s3,NT,2016-06-13,1,26.295875,NA,0,0,1
FCR,s3,NT,2016-06-20,1,48.681275,NA,0,0,1
FCR,s3,NT,2016-06-27,1,131.1678,NA,0,0,1
FCR,s3,NT,2016-07-05,1,122.50955,NA,0,0,1
FCR,s3,NT,2016-07-12,1,62.8133,NA,0,0,1
FCR,s3,NT,2016-07-18,1,98.525175,NA,0,0,1
FCR,s3,NT,2016-07-24,1,104.99695,NA,0,0,1
FCR,s3,NT,2016-08-01,1,67.372675,NA,0,0,1
FCR,s3,NT,2016-08-08,1,128.836,NA,0,0,1
FCR,s3,NT,2016-08-15,1,81.346525,NA,0,0,1
FCR,s3,NT,2016-08-26,1,42.7602,NA,0,0,1
FCR,s3,NT,2016-09-02,1,2.95375,NA,0,0,1
FCR,s3,NT,2016-09-09,1,103.7992,NA,0,0,1
FCR,s3,NT,2016-09-16,1,42.201425,NA,0,0,1
FCR,s3,NT,2016-09-30,1,33.8842,NA,0,0,1
FCR,s3,NT,2016-10-07,1,57.88635,NA,0,0,1
FCR,s3,NT,2016-10-14,1,39.3388,NA,0,0,1
FCR,s4,NT,2015-05-25,1,0.049833333,NA,0,0,1
FCR,s4,NT,2015-06-01,1,0.027166667,NA,0,0,1
FCR,s4,NT,2015-06-08,1,1.066666667,NA,0,0,1
FCR,s4,NT,2015-06-15,1,0.533566667,NA,0,0,1
FCR,s4,NT,2015-06-22,1,1.75445,NA,0,0,1
FCR,s4,NT,2015-06-29,1,2.2754,NA,0,0,1
FCR,s4,NT,2015-07-06,1,1.771666667,NA,0,0,1
FCR,s4,NT,2015-07-13,1,1.6529,NA,0,0,1
FCR,s4,NT,2015-07-20,1,1.6112,NA,0,0,1
FCR,s4,NT,2015-07-27,1,1.505533333,NA,0,0,1
FCR,s4,NT,2015-08-03,1,1.5466,NA,0,0,1
FCR,s4,NT,2015-08-10,1,1.5059,NA,0,0,1
FCR,s4,NT,2015-08-17,1,0.744666667,NA,0,0,1
FCR,s4,NT,2015-08-24,1,0,NA,0,0,1
FCR,s4,NT,2015-08-31,1,1.760333333,NA,0,0,1
FCR,s4,NT,2015-09-07,1,NA,NA,0,1,1
FCR,s4,NT,2015-09-14,1,1.12855,NA,0,0,1
FCR,s4,NT,2015-09-21,1,NA,NA,0,1,1
FCR,s4,NT,2015-09-28,1,6.9632,NA,0,0,1
FCR,s4,NT,2015-10-05,1,NA,NA,0,1,1
FCR,s4,NT,2015-10-19,1,NA,NA,0,1,1
FCR,s4,NT,2015-11-09,1,NA,NA,0,1,1
FCR,s4,NT,2015-12-07,1,0.0209,NA,0,0,1
FCR,s4,NT,2016-03-30,1,0,NA,0,0,1
FCR,s4,NT,2016-04-25,1,0.154975,NA,0,0,1
FCR,s4,NT,2016-05-02,1,0,NA,0,0,1
FCR,s4,NT,2016-05-09,1,0,NA,0,0,1
FCR,s4,NT,2016-05-16,1,0,NA,0,0,1
FCR,s4,NT,2016-05-23,1,0.2411,NA,0,0,1
FCR,s4,NT,2016-05-30,1,0,NA,0,0,1
FCR,s4,NT,2016-06-06,1,0.0033,NA,0,0,1
FCR,s4,NT,2016-06-13,1,0.1452,NA,0,0,1
FCR,s4,NT,2016-06-20,1,0,NA,0,0,1
FCR,s4,NT,2016-06-27,1,5.815833333,NA,0,0,1
FCR,s4,NT,2016-07-05,1,3.6763,NA,0,0,1
FCR,s4,NT,2016-07-12,1,0,NA,0,0,1
FCR,s4,NT,2016-07-18,1,0,NA,0,0,1
FCR,s4,NT,2016-07-24,1,0.0388,NA,0,0,1
FCR,s4,NT,2016-08-08,1,0,NA,0,0,1
FCR,s4,NT,2016-08-15,1,0,NA,0,0,1
FCR,s4,NT,2016-08-26,1,0.35075,NA,0,0,1
FCR,s4,NT,2016-09-02,1,3.00E-04,NA,0,0,1
FCR,s4,NT,2016-09-09,1,0,NA,0,0,1
FCR,s4,NT,2016-09-16,1,5.7393,NA,0,0,1
FCR,s4,NT,2016-09-30,1,2.249,NA,0,0,1
FCR,s4,NT,2016-10-07,1,0.08705,NA,0,0,1
FCR,s4,NT,2016-10-14,1,0.8155,NA,0,0,1
FCR,s6,NT,2015-05-25,1,0,NA,0,0,1
FCR,s6,NT,2015-06-01,1,0.2495,NA,0,0,1
FCR,s6,NT,2015-06-08,1,1.6614,NA,0,0,1
FCR,s6,NT,2015-06-15,1,1.77055,NA,0,0,1
FCR,s6,NT,2015-06-22,1,3.03665,NA,0,0,1
FCR,s6,NT,2015-06-29,1,2.207633333,NA,0,0,1
FCR,s6,NT,2015-07-06,1,4.3783,NA,0,0,1
FCR,s6,NT,2015-07-13,1,0.3617,NA,0,0,1
FCR,s6,NT,2015-07-20,1,4.489166667,NA,0,0,1
FCR,s6,NT,2015-07-27,1,3.0236,NA,0,0,1
FCR,s6,NT,2015-08-03,1,2.9231,NA,0,0,1
FCR,s6,NT,2015-08-10,1,2.173,NA,0,0,1
FCR,s6,NT,2015-08-17,1,0,NA,0,0,1
FCR,s6,NT,2015-08-24,1,0,NA,0,0,1
FCR,s6,NT,2015-08-31,1,0.699533333,NA,0,0,1
FCR,s6,NT,2015-09-07,1,NA,NA,0,1,1
FCR,s6,NT,2015-09-14,1,1.8536,NA,0,0,1
FCR,s6,NT,2015-09-21,1,NA,NA,0,1,1
FCR,s6,NT,2015-09-28,1,2.2272,NA,0,0,1
FCR,s6,NT,2015-10-05,1,NA,NA,0,1,1
FCR,s6,NT,2015-10-19,1,NA,NA,0,1,1
FCR,s6,NT,2015-11-09,1,NA,NA,0,1,1
FCR,s6,NT,2015-12-07,1,0.041,NA,0,0,1
FCR,s6,NT,2016-03-30,1,0.00135,NA,0,0,1
FCR,s6,NT,2016-04-11,1,0.1275,NA,0,0,1
FCR,s6,NT,2016-04-25,1,4.00E-04,NA,0,0,1
FCR,s6,NT,2016-05-02,1,0.00735,NA,0,0,1
FCR,s6,NT,2016-05-09,1,0.013,NA,0,0,1
FCR,s6,NT,2016-05-16,1,0.0315,NA,0,0,1
FCR,s6,NT,2016-05-23,1,0.0051,NA,0,0,1
FCR,s6,NT,2016-05-30,1,0.0762,NA,0,0,1
FCR,s6,NT,2016-06-06,1,0.101233333,NA,0,0,1
FCR,s6,NT,2016-06-13,1,0.1386,NA,0,0,1
FCR,s6,NT,2016-06-20,1,0.126666667,NA,0,0,1
FCR,s6,NT,2016-06-27,1,4.1969,NA,0,0,1
FCR,s6,NT,2016-07-05,1,3.805733333,NA,0,0,1
FCR,s6,NT,2016-07-12,1,0.3122,NA,0,0,1
FCR,s6,NT,2016-07-18,1,0.0903,NA,0,0,1
FCR,s6,NT,2016-07-24,1,3.1471,NA,0,0,1
FCR,s6,NT,2016-08-08,1,2.6412,NA,0,0,1
FCR,s6,NT,2016-08-15,1,1.2923,NA,0,0,1
FCR,s6,NT,2016-08-26,1,2.675375,NA,0,0,1
FCR,s6,NT,2016-09-02,1,0.1213,NA,0,0,1
FCR,s6,NT,2016-09-09,1,4.0224,NA,0,0,1
FCR,s6,NT,2016-09-16,1,6.8849,NA,0,0,1
FCR,s6,NT,2016-09-30,1,1.3685,NA,0,0,1
FCR,s6,NT,2016-10-07,1,0.131,NA,0,0,1
FCR,s6,NT,2016-10-14,1,0.022166667,NA,0,0,1
FCR,sC,NT,2015-05-25,9,0,NA,0,0,1
FCR,sC,NT,2015-06-01,9,4.50E-04,NA,0,0,1
FCR,sC,NT,2015-06-08,9,0.0021,NA,0,0,1
FCR,sC,NT,2015-06-15,9,0.01325,NA,0,0,1
FCR,sC,NT,2015-06-22,9,0.004975,NA,0,0,1
FCR,sC,NT,2015-06-29,9,0.003625,NA,0,0,1
FCR,sC,NT,2015-07-06,9,0.00125,NA,0,0,1
FCR,sC,NT,2015-07-13,9,0.0023,NA,0,0,1
FCR,sC,NT,2015-07-20,9,0.07335,NA,0,0,1
FCR,sC,NT,2015-07-27,9,0.0205,NA,0,0,1
FCR,sC,NT,2015-08-03,9,0.06725,NA,0,0,1
FCR,sC,NT,2015-08-10,9,0.084,NA,0,0,1
FCR,sC,NT,2015-08-17,9,0.1388,NA,0,0,1
FCR,sC,NT,2015-08-24,9,0,NA,0,0,1
FCR,sC,NT,2015-08-31,9,0.26235,NA,0,0,1
FCR,sC,NT,2015-09-07,9,NA,NA,0,1,1
FCR,sC,NT,2015-09-14,9,0.37205,NA,0,0,1
FCR,sC,NT,2015-09-21,9,NA,NA,0,1,1
FCR,sC,NT,2015-09-28,9,0.1498,NA,0,0,1
FCR,sC,NT,2015-10-05,9,NA,NA,0,1,1
FCR,sC,NT,2015-10-19,9,NA,NA,0,1,1
FCR,sC,NT,2015-11-09,9,NA,NA,0,1,1
FCR,sC,NT,2015-12-07,9,0.0033,NA,0,0,1
FCR,sC,NT,2016-03-30,9,0.0016,NA,0,0,1
FCR,sC,NT,2016-04-11,9,0.0034625,NA,0,0,1
FCR,sC,NT,2016-04-25,9,0.039485714,NA,0,0,1
FCR,sC,NT,2016-05-02,9,0.09045,NA,0,0,1
FCR,sC,NT,2016-05-09,9,0.0989,NA,0,0,1
FCR,sC,NT,2016-05-16,9,0.04505,NA,0,0,1
FCR,sC,NT,2016-05-23,9,0.0012,NA,0,0,1
FCR,sC,NT,2016-05-30,9,0.07605,NA,0,0,1
FCR,sC,NT,2016-06-06,9,0.0098,NA,0,0,1
FCR,sC,NT,2016-06-13,9,0.13785,NA,0,0,1
FCR,sC,NT,2016-06-20,9,0,NA,0,0,1
FCR,sC,NT,2016-06-27,9,0.0433,NA,0,0,1
FCR,sC,NT,2016-07-05,9,0.0085,NA,0,0,1
FCR,sC,NT,2016-07-12,9,0.0015,NA,0,0,1
FCR,sC,NT,2016-07-18,9,9.00E-04,NA,0,0,1
FCR,sC,NT,2016-07-24,9,0,NA,0,0,1
FCR,sC,NT,2016-08-08,9,0.0139,NA,0,0,1
FCR,sC,NT,2016-08-15,9,2.2761,NA,0,0,1
FCR,sC,NT,2016-08-26,9,0.238,NA,0,0,1
FCR,sC,NT,2016-09-02,9,4.00E-04,NA,0,0,1
FCR,sC,NT,2016-09-09,9,0.0123,NA,0,0,1
FCR,sC,NT,2016-09-16,9,0,NA,0,0,1
FCR,sC,NT,2016-09-30,9,0,NA,0,0,1
FCR,sC,NT,2016-10-07,9,0,NA,0,0,1
FCR,sC,NT,2016-10-14,9,0,NA,0,0,1
FCR,T1e1,T1,2017-05-07,1.341136308,0.014549293,NA,0,0,1
FCR,T1e1,T1,2017-05-14,1.341136308,0.007386683,15.68,0,0,0
FCR,T1e1,T1,2017-05-22,1.341136308,0.005837888,14.885,0,0,0
FCR,T1e1,T1,2017-05-29,1.341136308,0,8.8125,0,0,0
FCR,T1e1,T1,2017-06-05,1.341136308,1.162243988,7.172,0,0,0
FCR,T1e1,T1,2017-06-12,1.341136308,5.482590296,7.9197,0,0,0
FCR,T1e1,T1,2017-06-19,1.341136308,14.24655688,15.427,0,0,0
FCR,T1e1,T1,2017-06-26,1.341136308,17.19009595,NA,0,0,1
FCR,T1e1,T1,2017-07-05,1.341136308,13.1694353,7.4432,0,0,0
FCR,T1e1,T1,2017-07-10,1.341136308,14.06277186,6.3452,0,0,0
FCR,T1e1,T1,2017-07-17,1.341136308,7.08640873,5.5736,0,0,0
FCR,T1e1,T1,2017-07-24,1.341136308,31.73613799,16.883,0,0,0
FCR,T1e1,T1,2017-07-31,1.341136308,21.138242,3.6522,0,0,0
FCR,T1e1,T1,2017-08-07,1.341136308,35.67268203,15.773,0,0,0
FCR,T1e1,T1,2017-08-22,1.341136308,NA,10.702,0,5,0
FCR,T1e1,T1,2017-09-04,1.341136308,NA,9.4792,0,5,0
FCR,T1e1,T1,2017-09-11,1.341136308,2.764399026,7.7397,0,0,0
FCR,T1e1,T1,2017-09-18,1.341136308,8.383344264,10.366,0,0,0
FCR,T1e1,T1,2017-09-25,1.341136308,NA,NA,0,5,1
FCR,T1e1,T1,2017-10-02,1.341136308,NA,11.302,0,0,0
FCR,T1e1,T1,2017-10-09,1.341136308,NA,NA,0,5,1
FCR,T1e1,T1,2017-10-16,1.341136308,NA,NA,0,5,1
FCR,T1e1,T1,2017-10-23,1.341136308,NA,NA,0,5,1
FCR,T1e1,T1,2017-10-30,1.341136308,NA,NA,0,5,1
FCR,T1e1,T1,2019-05-27,1.341136308,0.167753754,NA,0,0,1
FCR,T1e1,T1,2019-05-27,1.341136308,0.184816821,NA,0,0,1
FCR,T1e1,T1,2019-06-03,2.651792246,1.504635769,NA,0,0,1
FCR,T1e1,T1,2019-06-03,2.651792246,1.667241723,NA,0,0,1
FCR,T1e1,T1,2019-06-10,1.341136308,3.237522857,NA,0,0,1
FCR,T1e1,T1,2019-06-10,1.341136308,2.791498147,NA,0,0,1
FCR,T1e1,T1,2019-06-17,1.341136308,4.58881066,NA,0,0,1
FCR,T1e1,T1,2019-06-17,1.341136308,4.828766249,NA,0,0,1
FCR,T1e1,T1,2019-06-24,2.651792246,10.99578519,NA,0,0,1
FCR,T1e1,T1,2019-06-24,2.651792246,10.46476499,NA,0,0,1
FCR,T1e1,T1,2019-07-01,1.341136308,32.14005061,NA,0,0,1
FCR,T1e1,T1,2019-07-01,1.341136308,31.69974821,NA,0,0,1
FCR,T1e1,T1,2019-07-08,1.341136308,55.71832693,NA,0,0,1
FCR,T1e1,T1,2019-07-08,1.341136308,64.83897529,NA,0,0,1
FCR,T1e1,T1,2019-07-15,1.341136308,62.27263639,NA,0,0,1
FCR,T1e1,T1,2019-07-15,1.341136308,65.85385503,NA,0,0,1
FCR,T1e1,T1,2019-07-22,1.341136308,15.28797601,NA,0,0,1
FCR,T1e1,T1,2019-07-22,1.341136308,14.97240437,NA,0,0,1
FCR,T1e1,T1,2019-07-29,1.341136308,10.47681166,NA,0,0,1
FCR,T1e1,T1,2019-07-29,1.341136308,11.59365796,NA,0,0,1
FCR,T1e1,T1,2019-08-05,1.341136308,11.82702359,NA,0,0,1
FCR,T1e1,T1,2019-08-05,1.341136308,10.88640474,NA,0,0,1
FCR,T1e1,T1,2019-08-12,1.341136308,17.84882451,NA,0,0,1
FCR,T1e1,T1,2019-08-12,1.341136308,17.33353919,NA,0,0,1
FCR,T1e1,T1,2019-08-19,1.341136308,25.20466496,NA,0,0,1
FCR,T1e1,T1,2019-08-19,1.341136308,24.81872394,NA,0,0,1
FCR,T1e1,T1,2019-08-28,1.341136308,27.10352426,NA,0,0,1
FCR,T1e1,T1,2019-08-28,1.341136308,27.96477664,NA,0,0,1
FCR,T1e1,T1,2019-09-02,1.341136308,17.8545898,NA,0,0,1
FCR,T1e1,T1,2019-09-02,1.341136308,18.53815512,NA,0,0,1
FCR,T1e1,T1,2019-09-11,1.341136308,18.45472548,NA,0,0,1
FCR,T1e1,T1,2019-09-11,1.341136308,16.71151617,NA,0,0,1
FCR,T1e1,T1,2019-09-20,1.341136308,21.91435716,NA,0,0,1
FCR,T1e1,T1,2019-09-20,1.341136308,25.33261082,NA,0,0,1
FCR,T1e1,T1,2019-09-27,1.341136308,14.36522587,NA,0,0,1
FCR,T1e1,T1,2019-09-27,1.341136308,16.47387799,NA,0,0,1
FCR,T1e1,T1,2019-10-02,1.341136308,21.43242643,NA,0,0,1
FCR,T1e1,T1,2019-10-02,1.341136308,19.69183359,NA,0,0,1
FCR,T1e1,T1,2019-10-11,1.341136308,14.87642809,NA,0,0,1
FCR,T1e1,T1,2019-10-11,1.341136308,14.87642809,NA,0,0,1
FCR,T1e1,T1,2019-10-16,1.341136308,1.815585612,NA,0,0,1
FCR,T1e1,T1,2019-10-16,1.341136308,1.910614378,NA,0,0,1
FCR,T1e1,T1,2019-10-23,1.341136308,2.973945954,NA,0,0,1
FCR,T1e1,T1,2019-10-23,1.341136308,2.99282792,NA,0,0,1
FCR,T1e1,T1,2019-10-30,1.341136308,1.039842346,NA,0,0,1
FCR,T1e1,T1,2019-10-30,1.341136308,1.017740809,NA,0,0,1
FCR,T1e1,T1,2019-11-07,1.341136308,1.006570049,NA,0,0,1
FCR,T1e1,T1,2019-11-07,1.341136308,1.011970059,NA,0,0,1
FCR,T1e2,T1,2017-05-07,2.712752987,0.001577656,NA,0,0,1
FCR,T1e2,T1,2017-05-14,2.712752987,0.035759624,11.605,0,0,0
FCR,T1e2,T1,2017-05-22,2.712752987,0,11.395,0,0,0
FCR,T1e2,T1,2017-05-29,2.712752987,1.216396439,8.2893,0,0,0
FCR,T1e2,T1,2017-06-05,2.712752987,3.564412522,3.8953,0,0,0
FCR,T1e2,T1,2017-06-12,2.712752987,13.50328282,5.911,0,0,0
FCR,T1e2,T1,2017-06-19,2.712752987,35.11638478,20.723,0,0,0
FCR,T1e2,T1,2017-06-26,2.712752987,58.23460022,NA,0,0,1
FCR,T1e2,T1,2017-07-05,2.712752987,106.941654,11.594,0,0,0
FCR,T1e2,T1,2017-07-10,2.712752987,163.8461215,7.7377,0,0,0
FCR,T1e2,T1,2017-07-17,2.712752987,26.37416915,9.641,0,0,0
FCR,T1e2,T1,2017-07-24,2.712752987,141.4047091,21.977,0,0,0
FCR,T1e2,T1,2017-07-31,2.712752987,342.4266593,10.401,0,6,0
FCR,T1e2,T1,2017-08-07,2.712752987,140.7253771,11.905,0,0,0
FCR,T1e2,T1,2017-08-22,2.712752987,134.5029291,23.41,0,0,0
FCR,T1e2,T1,2017-09-04,2.712752987,0.192166681,12.709,0,0,0
FCR,T1e2,T1,2017-09-11,2.712752987,25.52843236,8.0971,0,0,0
FCR,T1e2,T1,2017-09-18,2.712752987,11.32788531,9.2171,0,0,0
FCR,T1e2,T1,2017-09-25,2.712752987,21.79650452,19.233,0,0,0
FCR,T1e2,T1,2017-10-02,2.712752987,26.60705945,12.264,0,0,0
FCR,T1e2,T1,2017-10-09,2.712752987,10.38938841,5.0556,0,0,0
FCR,T1e2,T1,2017-10-16,2.712752987,18.42475125,55.773,0,0,0
FCR,T1e2,T1,2017-10-23,2.712752987,0.030679377,17.422,0,0,0
FCR,T1e2,T1,2017-10-30,2.712752987,NA,4.1956,0,1,0
FCR,T1e2,T1,2018-05-07,2.712752987,0.002006826,NA,0,0,1
FCR,T1e2,T1,2018-05-14,2.712752987,3.074653376,NA,0,0,1
FCR,T1e2,T1,2018-05-21,2.712752987,35.01394324,NA,0,0,1
FCR,T1e2,T1,2018-05-28,2.712752987,30.34554258,NA,0,0,1
FCR,T1e2,T1,2018-06-04,2.712752987,57.57009908,NA,0,0,1
FCR,T1e2,T1,2018-06-11,2.712752987,56.09491343,NA,0,0,1
FCR,T1e2,T1,2018-06-18,2.712752987,70.09817963,NA,0,0,1
FCR,T1e2,T1,2018-06-25,2.712752987,149.9467193,NA,0,0,1
FCR,T1e2,T1,2018-07-05,2.712752987,92.03845873,NA,0,0,1
FCR,T1e2,T1,2018-07-09,2.712752987,293.9122232,NA,0,6,1
FCR,T1e2,T1,2018-07-16,2.712752987,158.0119313,NA,0,0,1
FCR,T1e2,T1,2018-07-23,2.712752987,168.9503532,NA,0,0,1
FCR,T1e2,T1,2018-07-30,2.712752987,161.3253712,NA,0,0,1
FCR,T1e2,T1,2018-08-06,2.712752987,124.9351224,NA,0,0,1
FCR,T1e2,T1,2018-08-20,2.712752987,61.4682597,NA,0,0,1
FCR,T1e2,T1,2018-08-27,2.712752987,83.56429034,NA,0,0,1
FCR,T1e2,T1,2019-05-27,2.712752987,20.85737013,NA,0,0,1
FCR,T1e2,T1,2019-05-27,2.712752987,15.99449466,NA,0,0,1
FCR,T1e2,T1,2019-06-03,2.590831505,39.7490441,NA,0,0,1
FCR,T1e2,T1,2019-06-03,2.590831505,43.80396643,NA,0,0,1
FCR,T1e2,T1,2019-06-10,2.712752987,60.33493619,NA,0,0,1
FCR,T1e2,T1,2019-06-10,2.712752987,68.98558736,NA,0,0,1
FCR,T1e2,T1,2019-06-17,2.712752987,46.74266603,NA,0,0,1
FCR,T1e2,T1,2019-06-17,2.712752987,51.98733395,NA,0,0,1
FCR,T1e2,T1,2019-06-24,2.590831505,48.4144304,NA,0,0,1
FCR,T1e2,T1,2019-06-24,2.590831505,53.91824598,NA,0,0,1
FCR,T1e2,T1,2019-07-01,2.712752987,81.02072766,NA,0,0,1
FCR,T1e2,T1,2019-07-01,2.712752987,86.0218194,NA,0,0,1
FCR,T1e2,T1,2019-07-08,2.712752987,102.7670874,NA,0,0,1
FCR,T1e2,T1,2019-07-08,2.712752987,109.8940909,NA,0,0,1
FCR,T1e2,T1,2019-07-15,2.712752987,123.6563255,NA,0,0,1
FCR,T1e2,T1,2019-07-15,2.712752987,108.6519667,NA,0,0,1
FCR,T1e2,T1,2019-07-22,2.712752987,108.6843069,NA,0,0,1
FCR,T1e2,T1,2019-07-22,2.712752987,101.9468836,NA,0,0,1
FCR,T1e2,T1,2019-07-29,2.712752987,129.261172,NA,0,0,1
FCR,T1e2,T1,2019-07-29,2.712752987,115.3542163,NA,0,0,1
FCR,T1e2,T1,2019-08-05,2.712752987,89.95785438,NA,0,0,1
FCR,T1e2,T1,2019-08-05,2.712752987,92.64367317,NA,0,0,1
FCR,T1e2,T1,2019-08-12,2.712752987,112.6589709,NA,0,0,1
FCR,T1e2,T1,2019-08-12,2.712752987,112.8500079,NA,0,0,1
FCR,T1e2,T1,2019-08-19,2.712752987,104.904546,NA,0,0,1
FCR,T1e2,T1,2019-08-19,2.712752987,110.3039687,NA,0,0,1
FCR,T1e2,T1,2019-08-28,2.712752987,71.09306448,NA,0,0,1
FCR,T1e2,T1,2019-08-28,2.712752987,75.34701627,NA,0,0,1
FCR,T1e2,T1,2019-09-02,2.712752987,15.20741584,NA,0,0,1
FCR,T1e2,T1,2019-09-02,2.712752987,13.84508445,NA,0,0,1
FCR,T1e2,T1,2019-09-11,2.712752987,62.1899906,NA,0,0,1
FCR,T1e2,T1,2019-09-11,2.712752987,41.10594914,NA,0,0,1
FCR,T1e2,T1,2019-09-20,2.712752987,63.5621775,NA,0,0,1
FCR,T1e2,T1,2019-09-20,2.712752987,60.15594477,NA,0,0,1
FCR,T1e2,T1,2019-09-27,2.712752987,29.94335068,NA,0,0,1
FCR,T1e2,T1,2019-09-27,2.712752987,37.33209226,NA,0,0,1
FCR,T1e2,T1,2019-10-02,2.712752987,3.01865161,NA,0,0,1
FCR,T1e2,T1,2019-10-02,2.712752987,3.191655801,NA,0,0,1
FCR,T1e2,T1,2019-10-11,2.712752987,39.06892188,NA,0,0,1
FCR,T1e2,T1,2019-10-11,2.712752987,35.69032137,NA,0,0,1
FCR,T1e2,T1,2019-10-16,2.712752987,21.87604847,NA,0,0,1
FCR,T1e2,T1,2019-10-16,2.712752987,22.20647782,NA,0,0,1
FCR,T1e2,T1,2019-10-23,2.712752987,20.51887561,NA,0,0,1
FCR,T1e2,T1,2019-10-23,2.712752987,23.88643972,NA,0,0,1
FCR,T1e2,T1,2019-10-30,2.712752987,1.054968684,NA,0,0,1
FCR,T1e2,T1,2019-10-30,2.712752987,1.210591184,NA,0,0,1
FCR,T1e2,T1,2019-11-07,2.712752987,1.01182515,NA,0,0,1
FCR,T1e2,T1,2019-11-07,2.712752987,1.060329593,NA,0,0,1
FCR,T1e3,T1,2017-05-07,2.590831505,0.003495681,NA,0,0,1
FCR,T1e3,T1,2017-05-14,2.590831505,0.018274918,22.201,0,0,0
FCR,T1e3,T1,2017-05-22,2.590831505,0,7.7521,0,0,0
FCR,T1e3,T1,2017-05-29,2.590831505,0,3.7297,0,0,0
FCR,T1e3,T1,2017-06-05,2.590831505,2.6119113,10.32,0,0,0
FCR,T1e3,T1,2017-06-12,2.590831505,4.492795772,8.5759,0,0,0
FCR,T1e3,T1,2017-06-19,2.590831505,14.61240985,13.603,0,0,0
FCR,T1e3,T1,2017-06-26,2.590831505,33.04731308,NA,0,0,1
FCR,T1e3,T1,2017-07-05,2.590831505,19.56619975,10.028,0,0,0
FCR,T1e3,T1,2017-07-10,2.590831505,131.9908085,7.8913,0,0,0
FCR,T1e3,T1,2017-07-17,2.590831505,115.6703207,15.358,0,0,0
FCR,T1e3,T1,2017-07-24,2.590831505,155.701713,38.865,0,0,0
FCR,T1e3,T1,2017-07-31,2.590831505,217.8621209,16.919,0,6,0
FCR,T1e3,T1,2017-08-07,2.590831505,110.8495363,16.218,0,0,0
FCR,T1e3,T1,2017-08-22,2.590831505,76.77708602,23.842,0,0,0
FCR,T1e3,T1,2017-09-04,2.590831505,21.92520835,12.698,0,0,0
FCR,T1e3,T1,2017-09-11,2.590831505,0.365465865,7.1992,0,0,0
FCR,T1e3,T1,2017-09-18,2.590831505,24.17086314,12.092,0,0,0
FCR,T1e3,T1,2017-09-25,2.590831505,35.83255642,16.685,0,0,0
FCR,T1e3,T1,2017-10-02,2.590831505,26.57825602,17.541,0,0,0
FCR,T1e3,T1,2017-10-09,2.590831505,26.21994948,4.1127,0,0,0
FCR,T1e3,T1,2017-10-16,2.590831505,38.36174293,41.67,0,0,0
FCR,T1e3,T1,2017-10-23,2.590831505,3.922143537,19.22,0,0,0
FCR,T1e3,T1,2017-10-30,2.590831505,NA,2.4317,0,1,0
FCR,T1e3,T1,2018-05-07,2.590831505,16.63931903,NA,0,0,1
FCR,T1e3,T1,2018-05-21,2.590831505,3.450607168,NA,0,0,1
FCR,T1e3,T1,2018-05-28,2.590831505,4.117605174,NA,0,0,1
FCR,T1e3,T1,2018-06-04,2.590831505,5.109711279,NA,0,0,1
FCR,T1e3,T1,2018-06-11,2.590831505,3.571346081,NA,0,0,1
FCR,T1e3,T1,2018-06-18,2.590831505,15.49061939,NA,0,0,1
FCR,T1e3,T1,2018-06-25,2.590831505,47.64397712,NA,0,0,1
FCR,T1e3,T1,2018-07-09,2.590831505,159.2271018,NA,0,0,1
FCR,T1e3,T1,2018-07-16,2.590831505,148.3662,NA,0,0,1
FCR,T1e3,T1,2018-07-23,2.590831505,175.0540746,NA,0,0,1
FCR,T1e3,T1,2018-07-30,2.590831505,138.5698314,NA,0,0,1
FCR,T1e3,T1,2018-08-06,2.590831505,179.8522265,NA,0,0,1
FCR,T1e3,T1,2018-08-20,2.590831505,55.45116126,NA,0,0,1
FCR,T1e3,T1,2018-08-27,2.590831505,101.4234436,NA,0,0,1
FCR,T1e3,T1,2018-09-03,2.590831505,96.48495483,NA,0,0,1
FCR,T1e3,T1,2018-09-10,2.590831505,124.753276,NA,0,0,1
FCR,T1e3,T1,2018-09-17,2.590831505,134.5028573,NA,0,0,1
FCR,T1e3,T1,2018-09-24,2.590831505,5.387439766,NA,0,0,1
FCR,T1e3,T1,2018-10-01,2.590831505,25.29925062,NA,0,0,1
FCR,T1e3,T1,2018-10-08,2.590831505,52.72424248,NA,0,0,1
FCR,T1e3,T1,2018-10-15,2.590831505,22.08107779,NA,0,0,1
FCR,T1e3,T1,2018-10-22,2.590831505,4.040050289,NA,0,0,1
FCR,T1e3,T1,2018-10-29,2.590831505,0.004377077,NA,0,0,1
FCR,T1e3,T1,2019-05-27,2.590831505,0,NA,0,0,1
FCR,T1e3,T1,2019-05-27,2.590831505,0,NA,0,0,1
FCR,T1e3,T1,2019-06-03,2.712752987,0,NA,0,0,1
FCR,T1e3,T1,2019-06-03,2.712752987,0,NA,0,0,1
FCR,T1e3,T1,2019-06-10,2.590831505,0,NA,0,0,1
FCR,T1e3,T1,2019-06-10,2.590831505,0,NA,0,0,1
FCR,T1e3,T1,2019-06-17,2.590831505,0,NA,0,0,1
FCR,T1e3,T1,2019-06-17,2.590831505,0,NA,0,0,1
FCR,T1e3,T1,2019-06-24,2.712752987,0.017512076,NA,0,0,1
FCR,T1e3,T1,2019-06-24,2.712752987,0,NA,0,0,1
FCR,T1e3,T1,2019-07-01,2.590831505,0.354765898,NA,0,0,1
FCR,T1e3,T1,2019-07-01,2.590831505,0.333085926,NA,0,0,1
FCR,T1e3,T1,2019-07-08,2.590831505,3.66631725,NA,0,0,1
FCR,T1e3,T1,2019-07-08,2.590831505,3.839462347,NA,0,0,1
FCR,T1e3,T1,2019-07-15,2.590831505,11.75682168,NA,0,0,1
FCR,T1e3,T1,2019-07-15,2.590831505,11.84184468,NA,0,0,1
FCR,T1e3,T1,2019-07-22,2.590831505,21.88264012,NA,0,0,1
FCR,T1e3,T1,2019-07-22,2.590831505,15.74575607,NA,0,0,1
FCR,T1e3,T1,2019-07-29,2.590831505,16.41979203,NA,0,0,1
FCR,T1e3,T1,2019-07-29,2.590831505,15.4971304,NA,0,0,1
FCR,T1e3,T1,2019-08-05,2.590831505,15.26549042,NA,0,0,1
FCR,T1e3,T1,2019-08-05,2.590831505,14.50232882,NA,0,0,1
FCR,T1e3,T1,2019-08-12,2.590831505,19.90470882,NA,0,0,1
FCR,T1e3,T1,2019-08-12,2.590831505,19.72534642,NA,0,0,1
FCR,T1e3,T1,2019-08-19,2.590831505,19.88749979,NA,0,0,1
FCR,T1e3,T1,2019-08-19,2.590831505,20.54443201,NA,0,0,1
FCR,T1e3,T1,2019-08-28,2.590831505,12.35266984,NA,0,0,1
FCR,T1e3,T1,2019-08-28,2.590831505,9.474982405,NA,0,0,1
FCR,T1e3,T1,2019-09-02,2.590831505,12.08599575,NA,0,0,1
FCR,T1e3,T1,2019-09-02,2.590831505,12.28478795,NA,0,0,1
FCR,T1e3,T1,2019-09-11,2.590831505,7.778088337,NA,0,0,1
FCR,T1e3,T1,2019-09-11,2.590831505,8.603141085,NA,0,0,1
FCR,T1e3,T1,2019-09-20,2.590831505,9.362217034,NA,0,0,1
FCR,T1e3,T1,2019-09-20,2.590831505,9.267064604,NA,0,0,1
FCR,T1e3,T1,2019-09-27,2.590831505,6.086024049,NA,0,0,1
FCR,T1e3,T1,2019-09-27,2.590831505,5.305073718,NA,0,0,1
FCR,T1e3,T1,2019-10-02,2.590831505,2.652925404,NA,0,0,1
FCR,T1e3,T1,2019-10-02,2.590831505,2.787839628,NA,0,0,1
FCR,T1e3,T1,2019-10-11,2.590831505,2.320677217,NA,0,0,1
FCR,T1e3,T1,2019-10-11,2.590831505,2.305904845,NA,0,0,1
FCR,T1e3,T1,2019-10-16,2.590831505,1.965072566,NA,0,0,1
FCR,T1e3,T1,2019-10-16,2.590831505,2.151696884,NA,0,0,1
FCR,T1e3,T1,2019-10-23,2.590831505,1.121183893,NA,0,0,1
FCR,T1e3,T1,2019-10-23,2.590831505,1.500141533,NA,0,0,1
FCR,T1e3,T1,2019-10-30,2.590831505,1.033957455,NA,0,0,1
FCR,T1e3,T1,2019-10-30,2.590831505,1.012950114,NA,0,0,1
FCR,T1e3,T1,2019-11-07,2.590831505,1.000990223,NA,0,0,1
FCR,T1e3,T1,2019-11-07,2.590831505,1.003010331,NA,0,0,1
FCR,T1e4,T1,2017-05-07,2.651792246,0.022955615,NA,0,0,1
FCR,T1e4,T1,2017-05-14,2.651792246,0,23.043,0,0,0
FCR,T1e4,T1,2017-05-22,2.651792246,0,9.4655,0,0,0
FCR,T1e4,T1,2017-05-29,2.651792246,1.75E-05,5.3888,0,0,0
FCR,T1e4,T1,2017-06-05,2.651792246,0,9.3812,0,0,0
FCR,T1e4,T1,2017-06-12,2.651792246,0.00239217,10.232,0,0,0
FCR,T1e4,T1,2017-06-19,2.651792246,4.444401401,7.3771,0,0,0
FCR,T1e4,T1,2017-06-26,2.651792246,10.82262405,NA,0,0,1
FCR,T1e4,T1,2017-07-05,2.651792246,21.83019765,7.6665,0,0,0
FCR,T1e4,T1,2017-07-10,2.651792246,35.0059128,7.1473,0,0,0
FCR,T1e4,T1,2017-07-17,2.651792246,107.9377979,6.8054,0,0,0
FCR,T1e4,T1,2017-07-24,2.651792246,65.6874151,37.177,0,0,0
FCR,T1e4,T1,2017-07-31,2.651792246,160.2004422,4.6302,0,0,0
FCR,T1e4,T1,2017-08-07,2.651792246,120.651456,15.415,0,0,0
FCR,T1e4,T1,2017-08-22,2.651792246,NA,34.303,0,0,0
FCR,T1e4,T1,2017-09-04,2.651792246,0,8.5674,0,0,0
FCR,T1e4,T1,2017-09-11,2.651792246,6.025173219,12.145,0,0,0
FCR,T1e4,T1,2017-09-18,2.651792246,33.54339595,11.799,0,0,0
FCR,T1e4,T1,2017-09-25,2.651792246,0,21.175,0,0,0
FCR,T1e4,T1,2017-10-02,2.651792246,0.196601397,16.212,0,0,0
FCR,T1e4,T1,2017-10-09,2.651792246,24.21640668,8.0738,0,0,0
FCR,T1e4,T1,2017-10-16,2.651792246,16.52488383,41.085,0,0,0
FCR,T1e4,T1,2017-10-23,2.651792246,1.445071326,24.764,0,0,0
FCR,T1e4,T1,2017-10-30,2.651792246,NA,2.3966,0,1,0
FCR,T1e4,T1,2019-05-27,2.651792246,0.231374768,NA,0,0,1
FCR,T1e4,T1,2019-05-27,2.651792246,0.143195676,NA,0,0,1
FCR,T1e4,T1,2019-06-03,1.341136308,0.110780167,NA,0,0,1
FCR,T1e4,T1,2019-06-03,1.341136308,0.110780167,NA,0,0,1
FCR,T1e4,T1,2019-06-10,2.651792246,1.771737726,NA,0,0,1
FCR,T1e4,T1,2019-06-10,2.651792246,1.846280547,NA,0,0,1
FCR,T1e4,T1,2019-06-17,2.651792246,4.7993696,NA,0,0,1
FCR,T1e4,T1,2019-06-17,2.651792246,5.934342213,NA,0,0,1
FCR,T1e4,T1,2019-06-24,1.341136308,20.3743195,NA,0,0,1
FCR,T1e4,T1,2019-06-24,1.341136308,18.66598919,NA,0,0,1
FCR,T1e4,T1,2019-07-01,2.651792246,46.28798208,NA,0,0,1
FCR,T1e4,T1,2019-07-01,2.651792246,45.07377884,NA,0,0,1
FCR,T1e4,T1,2019-07-08,2.651792246,59.35268291,NA,0,0,1
FCR,T1e4,T1,2019-07-08,2.651792246,54.66255664,NA,0,0,1
FCR,T1e4,T1,2019-07-15,2.651792246,64.08141556,NA,0,0,1
FCR,T1e4,T1,2019-07-15,2.651792246,63.47662558,NA,0,0,1
FCR,T1e4,T1,2019-07-22,2.651792246,37.50647944,NA,0,0,1
FCR,T1e4,T1,2019-07-22,2.651792246,58.10338577,NA,0,0,1
FCR,T1e4,T1,2019-07-29,2.651792246,41.05230203,NA,0,0,1
FCR,T1e4,T1,2019-07-29,2.651792246,43.92472235,NA,0,0,1
FCR,T1e4,T1,2019-08-05,2.651792246,36.54384893,NA,0,0,1
FCR,T1e4,T1,2019-08-05,2.651792246,37.94516082,NA,0,0,1
FCR,T1e4,T1,2019-08-12,2.651792246,50.28722134,NA,0,0,1
FCR,T1e4,T1,2019-08-12,2.651792246,50.38361429,NA,0,0,1
FCR,T1e4,T1,2019-08-19,2.651792246,58.82168215,NA,0,0,1
FCR,T1e4,T1,2019-08-19,2.651792246,56.09340165,NA,0,0,1
FCR,T1e4,T1,2019-08-28,2.651792246,53.02752572,NA,0,0,1
FCR,T1e4,T1,2019-08-28,2.651792246,48.57365783,NA,0,0,1
FCR,T1e4,T1,2019-09-02,2.651792246,36.02538511,NA,0,0,1
FCR,T1e4,T1,2019-09-02,2.651792246,44.82756552,NA,0,0,1
FCR,T1e4,T1,2019-09-11,2.651792246,42.09524896,NA,0,0,1
FCR,T1e4,T1,2019-09-11,2.651792246,39.21985623,NA,0,0,1
FCR,T1e4,T1,2019-09-20,2.651792246,26.56184169,NA,0,0,1
FCR,T1e4,T1,2019-09-20,2.651792246,25.66390346,NA,0,0,1
FCR,T1e4,T1,2019-09-27,2.651792246,24.63035659,NA,0,0,1
FCR,T1e4,T1,2019-09-27,2.651792246,28.4322741,NA,0,0,1
FCR,T1e4,T1,2019-10-02,2.651792246,32.97876033,NA,0,0,1
FCR,T1e4,T1,2019-10-02,2.651792246,37.4470364,NA,0,0,1
FCR,T1e4,T1,2019-10-11,2.651792246,24.93386117,NA,0,0,1
FCR,T1e4,T1,2019-10-11,2.651792246,25.2063799,NA,0,0,1
FCR,T1e4,T1,2019-10-16,2.651792246,5.68306312,NA,0,0,1
FCR,T1e4,T1,2019-10-16,2.651792246,5.459089475,NA,0,0,1
FCR,T1e4,T1,2019-10-23,2.651792246,2.60484006,NA,0,0,1
FCR,T1e4,T1,2019-10-23,2.651792246,1.546619731,NA,0,0,1
FCR,T1e4,T1,2019-10-30,2.651792246,1.574643167,NA,0,0,1
FCR,T1e4,T1,2019-10-30,2.651792246,1.601521587,NA,0,0,1
FCR,T1e4,T1,2019-11-07,2.651792246,1.169648314,NA,0,0,1
FCR,T1e4,T1,2019-11-07,2.651792246,1.172099405,NA,0,0,1
FCR,T2e1,T2,2017-05-07,2.804194099,0.003639736,NA,0,0,1
FCR,T2e1,T2,2017-05-14,2.804194099,0.002012393,22.76,0,0,0
FCR,T2e1,T2,2017-05-22,2.804194099,1.85E-05,13.717,0,0,0
FCR,T2e1,T2,2017-05-29,2.804194099,0,6.532,0,0,0
FCR,T2e1,T2,2017-06-05,2.804194099,0,15.529,0,0,0
FCR,T2e1,T2,2017-06-12,2.804194099,0,14.828,0,0,0
FCR,T2e1,T2,2017-06-19,2.804194099,2.15E-04,10.923,0,0,0
FCR,T2e1,T2,2017-06-26,2.804194099,0.003230259,NA,0,0,1
FCR,T2e1,T2,2017-07-05,2.804194099,0.372922937,23.867,0,0,0
FCR,T2e1,T2,2017-07-10,2.804194099,11.2765349,7.1613,0,0,0
FCR,T2e1,T2,2017-07-17,2.804194099,17.05771477,3.8987,0,0,0
FCR,T2e1,T2,2017-07-24,2.804194099,45.23219677,15.593,0,0,0
FCR,T2e1,T2,2017-07-31,2.804194099,72.12215103,5.08,0,0,0
FCR,T2e1,T2,2017-08-07,2.804194099,45.0790572,8.408,0,0,0
FCR,T2e1,T2,2017-08-22,2.804194099,84.62481054,8.4753,0,0,0
FCR,T2e1,T2,2017-09-04,2.804194099,4.864046237,18.28,0,0,0
FCR,T2e1,T2,2017-09-11,2.804194099,2.760758647,3.8193,0,0,0
FCR,T2e1,T2,2017-09-18,2.804194099,1.574285552,27.178,0,0,0
FCR,T2e1,T2,2017-09-25,2.804194099,2.180303772,12.119,0,0,0
FCR,T2e1,T2,2017-10-02,2.804194099,5.805913015,45.679,0,0,0
FCR,T2e1,T2,2017-10-09,2.804194099,NA,NA,0,1,1
FCR,T2e1,T2,2017-10-16,2.804194099,0.351849483,70.953,0,0,0
FCR,T2e1,T2,2017-10-23,2.804194099,0.051276561,16.739,0,0,0
FCR,T2e1,T2,2017-10-30,2.804194099,NA,4.7745,0,1,0
FCR,T2e2,T2,2017-05-07,3.230919288,0.004534082,NA,0,0,1
FCR,T2e2,T2,2017-05-14,3.230919288,0,23.347,0,0,0
FCR,T2e2,T2,2017-05-22,3.230919288,0,21.651,0,0,0
FCR,T2e2,T2,2017-05-29,3.230919288,0,7.1322,0,0,0
FCR,T2e2,T2,2017-06-05,3.230919288,0,5.9813,0,0,0
FCR,T2e2,T2,2017-06-12,3.230919288,0.005307728,6.9473,0,0,0
FCR,T2e2,T2,2017-06-19,3.230919288,12.00410498,6.5438,0,0,0
FCR,T2e2,T2,2017-06-26,3.230919288,0,NA,0,0,1
FCR,T2e2,T2,2017-07-05,3.230919288,0,12.725,0,0,0
FCR,T2e2,T2,2017-07-10,3.230919288,2.06E-04,6.5006,0,0,0
FCR,T2e2,T2,2017-07-17,3.230919288,0.096340924,13.514,0,0,0
FCR,T2e2,T2,2017-07-24,3.230919288,0.438615333,9.2027,0,0,0
FCR,T2e2,T2,2017-07-31,3.230919288,0.188493434,19.128,0,0,0
FCR,T2e2,T2,2017-08-07,3.230919288,0.09168518,17.615,0,0,0
FCR,T2e2,T2,2017-08-22,3.230919288,1.828286897,25.983,0,0,0
FCR,T2e2,T2,2017-09-04,3.230919288,1.022936883,19.959,0,0,0
FCR,T2e2,T2,2017-09-11,3.230919288,0,5.7261,0,0,0
FCR,T2e2,T2,2017-09-18,3.230919288,0.006384766,12.634,0,0,0
FCR,T2e2,T2,2017-09-25,3.230919288,0.032889835,12.04,0,0,0
FCR,T2e2,T2,2017-10-02,3.230919288,0.064570423,22.546,0,0,0
FCR,T2e2,T2,2017-10-09,3.230919288,NA,NA,0,1,1
FCR,T2e2,T2,2017-10-16,3.230919288,0.054490064,50.323,0,0,0
FCR,T2e2,T2,2017-10-23,3.230919288,0,10.87,0,0,0
FCR,T2e2,T2,2017-10-30,3.230919288,NA,5.1047,0,1,0
FCR,T2e2,T2,2018-05-14,3.230919288,2.22E-04,NA,0,0,1
FCR,T2e2,T2,2018-06-18,3.230919288,6.24E-05,NA,0,0,1
FCR,T2e2,T2,2018-07-16,3.230919288,10.81260123,NA,0,0,1
FCR,T2e2,T2,2018-07-23,3.230919288,16.28340109,NA,0,0,1
FCR,T2e2,T2,2018-07-30,3.230919288,26.7560396,NA,0,0,1
FCR,T2e2,T2,2018-08-06,3.230919288,33.54306155,NA,0,0,1
FCR,T2e2,T2,2018-08-20,3.230919288,15.0314732,NA,0,0,1
FCR,T2e2,T2,2018-08-27,3.230919288,18.7588546,NA,0,0,1
FCR,T2e2,T2,2018-09-03,3.230919288,20.44906375,NA,0,0,1
FCR,T2e2,T2,2018-09-10,3.230919288,19.1996701,NA,0,0,1
FCR,T2e2,T2,2018-09-17,3.230919288,26.99342435,NA,0,0,1
FCR,T2e2,T2,2018-09-24,3.230919288,2.538060297,NA,0,0,1
FCR,T2e2,T2,2018-10-01,3.230919288,4.911321897,NA,0,0,1
FCR,T2e2,T2,2018-10-08,3.230919288,0.007601065,NA,0,0,1
FCR,T2e2,T2,2018-10-15,3.230919288,0.662658097,NA,0,0,1
FCR,T2e3,T2,2017-05-07,2.438429651,2.77E-05,NA,0,0,1
FCR,T2e3,T2,2017-05-14,2.438429651,0,24.2,0,0,0
FCR,T2e3,T2,2017-05-22,2.438429651,0.048316211,5.8076,0,0,0
FCR,T2e3,T2,2017-05-29,2.438429651,0,6.4734,0,0,0
FCR,T2e3,T2,2017-06-05,2.438429651,0,14.267,0,0,0
FCR,T2e3,T2,2017-06-12,2.438429651,0,11.609,0,0,0
FCR,T2e3,T2,2017-06-19,2.438429651,0,7.7657,0,0,0
FCR,T2e3,T2,2017-06-26,2.438429651,0,NA,0,0,1
FCR,T2e3,T2,2017-07-05,2.438429651,0,10.675,0,0,0
FCR,T2e3,T2,2017-07-10,2.438429651,0.014906709,7.0257,0,0,0
FCR,T2e3,T2,2017-07-17,2.438429651,0.186925423,18.881,0,0,0
FCR,T2e3,T2,2017-07-24,2.438429651,0.483526742,8.9156,0,0,0
FCR,T2e3,T2,2017-07-31,2.438429651,5.815493586,2.8419,0,0,0
FCR,T2e3,T2,2017-08-07,2.438429651,6.340523893,21.16,0,0,0
FCR,T2e3,T2,2017-08-22,2.438429651,2.476896125,41.37,0,0,0
FCR,T2e3,T2,2017-09-04,2.438429651,2.746274902,14.995,0,0,0
FCR,T2e3,T2,2017-09-11,2.438429651,0,8.7617,0,0,0
FCR,T2e3,T2,2017-09-18,2.438429651,9.81695049,9.1067,0,0,0
FCR,T2e3,T2,2017-09-25,2.438429651,17.46283133,20.331,0,0,0
FCR,T2e3,T2,2017-10-02,2.438429651,15.29680247,9.5554,0,0,0
FCR,T2e3,T2,2017-10-09,2.438429651,NA,NA,0,1,1
FCR,T2e3,T2,2017-10-16,2.438429651,11.96064831,44.096,0,0,0
FCR,T2e3,T2,2017-10-23,2.438429651,3.030730905,11.143,0,0,0
FCR,T2e3,T2,2017-10-30,2.438429651,NA,5.0449,0,1,0
FCR,T2e3,T2,2018-05-07,2.438429651,103.5191803,NA,0,0,1
FCR,T2e3,T2,2018-05-14,2.438429651,132.0507265,NA,0,0,1
FCR,T2e3,T2,2018-05-21,2.438429651,37.61430523,NA,0,0,1
FCR,T2e3,T2,2018-05-28,2.438429651,74.24784862,NA,0,0,1
FCR,T2e3,T2,2018-06-04,2.438429651,7.502272688,NA,0,0,1
FCR,T2e3,T2,2018-06-11,2.438429651,149.2068023,NA,0,0,1
FCR,T2e3,T2,2018-06-18,2.438429651,123.545593,NA,0,0,1
FCR,T2e3,T2,2018-06-25,2.438429651,110.0726892,NA,0,0,1
FCR,T2e3,T2,2018-07-05,2.438429651,130.0762541,NA,0,0,1
FCR,T2e3,T2,2018-07-09,2.438429651,317.8926937,NA,0,0,1
FCR,T2e3,T2,2018-07-16,2.438429651,162.7974573,NA,0,0,1
FCR,T2e3,T2,2018-07-23,2.438429651,163.9306518,NA,0,0,1
FCR,T2e3,T2,2018-07-30,2.438429651,77.08867682,NA,0,0,1
FCR,T2e3,T2,2018-08-06,2.438429651,126.8934758,NA,0,0,1
FCR,T2e3,T2,2018-08-20,2.438429651,63.78140734,NA,0,0,1
FCR,T2e3,T2,2018-08-27,2.438429651,143.9430888,NA,0,0,1
FCR,T2e3,T2,2018-09-03,2.438429651,103.6519795,NA,0,0,1
FCR,T2e3,T2,2018-09-10,2.438429651,186.8895424,NA,0,0,1
FCR,T2e3,T2,2018-09-17,2.438429651,74.27864723,NA,0,0,1
FCR,T2e3,T2,2018-09-24,2.438429651,5.576878506,NA,0,0,1
FCR,T2e3,T2,2018-10-01,2.438429651,30.43494373,NA,0,0,1
FCR,T2e3,T2,2018-10-08,2.438429651,88.42678013,NA,0,0,1
FCR,T2e3,T2,2018-10-15,2.438429651,27.33473908,NA,0,0,1
FCR,T2e3,T2,2018-10-22,2.438429651,12.39909561,NA,0,0,1
FCR,T2e3,T2,2018-10-29,2.438429651,2.410801885,NA,0,0,1
FCR,T2e4,T2,2017-05-07,1.097293343,26.7944388,NA,0,0,1
FCR,T2e4,T2,2017-05-14,1.097293343,8.890479093,21.217,0,0,0
FCR,T2e4,T2,2017-05-22,1.097293343,0.105894177,8.5164,0,0,0
FCR,T2e4,T2,2017-05-29,1.097293343,9.189721805,5.2362,0,0,0
FCR,T2e4,T2,2017-06-05,1.097293343,28.55527156,6.1916,0,0,0
FCR,T2e4,T2,2017-06-12,1.097293343,16.70475482,13.096,0,0,0
FCR,T2e4,T2,2017-06-19,1.097293343,51.74960586,6.918,0,0,0
FCR,T2e4,T2,2017-06-26,1.097293343,52.14114787,NA,0,0,1
FCR,T2e4,T2,2017-07-05,1.097293343,13.68095605,13.503,0,0,0
FCR,T2e4,T2,2017-07-10,1.097293343,47.89983179,6.6684,0,0,0
FCR,T2e4,T2,2017-07-17,1.097293343,52.19390507,4.1702,0,0,0
FCR,T2e4,T2,2017-07-24,1.097293343,18.67498892,33.584,0,0,0
FCR,T2e4,T2,2017-07-31,1.097293343,98.12127933,5.172,0,0,0
FCR,T2e4,T2,2017-08-07,1.097293343,34.06679462,9.2139,0,0,0
FCR,T2e4,T2,2017-08-22,1.097293343,75.13016857,43.292,0,0,0
FCR,T2e4,T2,2017-09-04,1.097293343,40.08652594,16.258,0,0,0
FCR,T2e4,T2,2017-09-11,1.097293343,50.63089613,11.36,0,0,0
FCR,T2e4,T2,2017-09-18,1.097293343,62.20283309,3.0902,0,0,0
FCR,T2e4,T2,2017-09-25,1.097293343,75.53574744,20.456,0,0,0
FCR,T2e4,T2,2017-10-02,1.097293343,50.52702886,14.089,0,0,0
FCR,T2e4,T2,2017-10-09,1.097293343,NA,NA,0,1,1
FCR,T2e4,T2,2017-10-16,1.097293343,37.70075983,24.848,0,0,0
FCR,T2e4,T2,2017-10-23,1.097293343,10.31332471,10.965,0,0,0
FCR,T2e4,T2,2017-10-30,1.097293343,NA,4.0189,0,1,0
FCR,T3e1,T3,2017-05-07,2.895635211,0.011654778,NA,0,0,1
FCR,T3e1,T3,2017-05-14,2.895635211,0,16.986,0,0,0
FCR,T3e1,T3,2017-05-22,2.895635211,0,6.143,0,0,0
FCR,T3e1,T3,2017-05-29,2.895635211,0,2.2525,0,0,0
FCR,T3e1,T3,2017-06-05,2.895635211,0.302261412,8.3244,0,0,0
FCR,T3e1,T3,2017-06-12,2.895635211,0,8.3644,0,0,0
FCR,T3e1,T3,2017-06-19,2.895635211,0,9.2373,0,0,0
FCR,T3e1,T3,2017-06-26,2.895635211,0,NA,0,0,1
FCR,T3e1,T3,2017-07-05,2.895635211,0,28.785,0,0,0
FCR,T3e1,T3,2017-07-10,2.895635211,0,6.1214,0,0,0
FCR,T3e1,T3,2017-07-17,2.895635211,0.08237033,5.4435,0,0,0
FCR,T3e1,T3,2017-07-24,2.895635211,0.103565061,3.9379,0,0,0
FCR,T3e1,T3,2017-07-31,2.895635211,0,6.4486,0,0,0
FCR,T3e1,T3,2017-08-07,2.895635211,0,36.041,0,0,0
FCR,T3e1,T3,2017-08-22,2.895635211,0,19.369,0,0,0
FCR,T3e1,T3,2017-09-04,2.895635211,0,11.643,0,0,0
FCR,T3e1,T3,2017-09-11,2.895635211,0.079523038,5.9801,0,0,0
FCR,T3e1,T3,2017-09-18,2.895635211,0.073667867,7.9542,0,0,0
FCR,T3e1,T3,2017-09-25,2.895635211,0.017444672,16.531,0,0,0
FCR,T3e1,T3,2017-10-02,2.895635211,0.068424931,12.557,0,0,0
FCR,T3e1,T3,2017-10-09,2.895635211,0.046092182,5.816,0,0,0
FCR,T3e1,T3,2017-10-16,2.895635211,0.175912635,19.147,0,0,0
FCR,T3e1,T3,2017-10-23,2.895635211,0,15.015,0,0,0
FCR,T3e1,T3,2017-10-30,2.895635211,NA,3.9945,0,1,0
FCR,T3e2,T3,2017-05-07,5.577907827,0.920373269,NA,0,0,1
FCR,T3e2,T3,2017-05-14,5.577907827,16.40573552,12.922,0,0,0
FCR,T3e2,T3,2017-05-22,5.577907827,0.269696759,5.022,0,0,0
FCR,T3e2,T3,2017-05-29,5.577907827,1.195642288,3.821,0,0,0
FCR,T3e2,T3,2017-06-05,5.577907827,13.05137095,6.6767,0,0,0
FCR,T3e2,T3,2017-06-12,5.577907827,0,9.8769,0,0,0
FCR,T3e2,T3,2017-06-19,5.577907827,5.335968215,14.503,0,0,0
FCR,T3e2,T3,2017-06-26,5.577907827,7.213633637,NA,0,0,1
FCR,T3e2,T3,2017-07-05,5.577907827,3.039755884,13.314,0,0,0
FCR,T3e2,T3,2017-07-10,5.577907827,15.25792879,8.1605,0,0,0
FCR,T3e2,T3,2017-07-17,5.577907827,5.381396745,1.3853,0,0,0
FCR,T3e2,T3,2017-07-24,5.577907827,32.99043208,8.0587,0,0,0
FCR,T3e2,T3,2017-07-31,5.577907827,43.62456366,6.0296,0,0,0
FCR,T3e2,T3,2017-08-07,5.577907827,2.459183748,47.605,0,0,0
FCR,T3e2,T3,2017-08-22,5.577907827,7.077649557,18.773,0,0,0
FCR,T3e2,T3,2017-09-04,5.577907827,3.63299248,11.482,0,0,0
FCR,T3e2,T3,2017-09-11,5.577907827,1.33252726,2.4441,0,0,0
FCR,T3e2,T3,2017-09-18,5.577907827,64.40608281,10.124,0,0,0
FCR,T3e2,T3,2017-09-25,5.577907827,18.34542793,17.933,0,0,0
FCR,T3e2,T3,2017-10-02,5.577907827,14.71259117,11.134,0,0,0
FCR,T3e2,T3,2017-10-09,5.577907827,0.047454041,7.8102,0,0,0
FCR,T3e2,T3,2017-10-16,5.577907827,53.54069912,39.581,0,0,0
FCR,T3e2,T3,2017-10-23,5.577907827,5.634879533,12.941,0,0,0
FCR,T3e2,T3,2017-10-30,5.577907827,NA,NA,0,1,0
FCR,T3e2,T3,2018-07-09,5.577907827,0.105585311,NA,0,0,1
FCR,T3e2,T3,2018-07-16,5.577907827,0.005878309,NA,0,0,1
FCR,T3e2,T3,2018-09-17,5.577907827,1.419517174,NA,0,0,1
FCR,T3e2,T3,2018-10-01,5.577907827,0.001496817,NA,0,0,1
FCR,T3e2,T3,2018-10-08,5.577907827,0.665373412,NA,0,0,1
FCR,T3e2,T3,2018-10-15,5.577907827,0.184459977,NA,0,0,1
FCR,T3e3,T3,2017-05-07,6.035113387,0.048098169,NA,0,0,1
FCR,T3e3,T3,2017-05-14,6.035113387,0.280469512,6.6447,0,0,0
FCR,T3e3,T3,2017-05-22,6.035113387,0,10.336,0,0,0
FCR,T3e3,T3,2017-05-29,6.035113387,4.46E-05,4.4541,0,0,0
FCR,T3e3,T3,2017-06-05,6.035113387,0,9.8058,0,0,0
FCR,T3e3,T3,2017-06-12,6.035113387,4.58E-04,8.3129,0,0,0
FCR,T3e3,T3,2017-06-19,6.035113387,0.05108131,10.663,0,0,0
FCR,T3e3,T3,2017-06-26,6.035113387,0.016239173,NA,0,0,1
FCR,T3e3,T3,2017-07-05,6.035113387,0,10.444,0,0,0
FCR,T3e3,T3,2017-07-10,6.035113387,2.64E-04,6.274,0,0,0
FCR,T3e3,T3,2017-07-17,6.035113387,0.03784643,3.9459,0,0,0
FCR,T3e3,T3,2017-07-24,6.035113387,0.08710821,8.9591,0,0,0
FCR,T3e3,T3,2017-07-31,6.035113387,0.007958335,4.8552,0,0,0
FCR,T3e3,T3,2017-08-07,6.035113387,0,15.84,0,0,0
FCR,T3e3,T3,2017-08-22,6.035113387,0,22.546,0,0,0
FCR,T3e3,T3,2017-09-04,6.035113387,0,11.928,0,0,0
FCR,T3e3,T3,2017-09-11,6.035113387,0.840931016,1.83,0,0,0
FCR,T3e3,T3,2017-09-18,6.035113387,NA,6.1959,0,0,0
FCR,T3e3,T3,2017-09-25,6.035113387,0,16.535,0,0,0
FCR,T3e3,T3,2017-10-02,6.035113387,NA,10.07,0,0,0
FCR,T3e3,T3,2017-10-09,6.035113387,0,5.3715,0,0,0
FCR,T3e3,T3,2017-10-16,6.035113387,0,37.457,0,0,0
FCR,T3e3,T3,2017-10-23,6.035113387,0,12.526,0,0,0
FCR,T3e3,T3,2017-10-30,6.035113387,NA,4.6528,0,1,0
FCR,T3e3,T3,2018-07-05,6.035113387,0.006371593,NA,0,0,1
FCR,T3e3,T3,2018-08-20,6.035113387,0.00659549,NA,0,0,1
FCR,T3e3,T3,2018-08-27,6.035113387,0.212752372,NA,0,0,1
FCR,T3e3,T3,2018-09-03,6.035113387,0.004468096,NA,0,0,1
FCR,T3e3,T3,2018-09-10,6.035113387,0.150621632,NA,0,0,1
FCR,T3e3,T3,2018-09-17,6.035113387,0.032918106,NA,0,0,1
FCR,T3e3,T3,2018-09-24,6.035113387,0.004298734,NA,0,0,1
FCR,T3e3,T3,2018-10-08,6.035113387,0.321062342,NA,0,0,1
FCR,T3e4,T3,2017-05-07,5.577907827,0.034027819,NA,0,0,1
FCR,T3e4,T3,2017-05-14,5.577907827,0.010303231,5.4402,0,0,0
FCR,T3e4,T3,2017-05-22,5.577907827,0,4.7628,0,0,0
FCR,T3e4,T3,2017-05-29,5.577907827,0.581839663,4.6074,0,0,0
FCR,T3e4,T3,2017-06-05,5.577907827,0,19.064,0,0,0
FCR,T3e4,T3,2017-06-12,5.577907827,0.067178771,9.1049,0,0,0
FCR,T3e4,T3,2017-06-19,5.577907827,8.423675438,22.151,0,0,0
FCR,T3e4,T3,2017-06-26,5.577907827,14.85812897,NA,0,0,1
FCR,T3e4,T3,2017-07-05,5.577907827,17.49796865,9.3192,0,0,0
FCR,T3e4,T3,2017-07-10,5.577907827,43.07374758,3.6863,0,0,0
FCR,T3e4,T3,2017-07-17,5.577907827,100.4491283,4.4904,0,0,0
FCR,T3e4,T3,2017-07-24,5.577907827,105.2372384,7.4379,0,0,0
FCR,T3e4,T3,2017-07-31,5.577907827,29.99321339,5.5668,0,0,0
FCR,T3e4,T3,2017-08-07,5.577907827,58.97780115,10.462,0,0,0
FCR,T3e4,T3,2017-08-22,5.577907827,58.95226193,15.95,0,0,0
FCR,T3e4,T3,2017-09-04,5.577907827,10.19557834,10.438,0,0,0
FCR,T3e4,T3,2017-09-11,5.577907827,16.72443409,5.5714,0,0,0
FCR,T3e4,T3,2017-09-18,5.577907827,37.90618152,2.4759,0,0,0
FCR,T3e4,T3,2017-09-25,5.577907827,60.61464589,20.067,0,0,0
FCR,T3e4,T3,2017-10-02,5.577907827,23.92540565,4.6606,0,0,0
FCR,T3e4,T3,2017-10-09,5.577907827,0,6.6521,0,0,0
FCR,T3e4,T3,2017-10-16,5.577907827,0,43.374,0,0,0
FCR,T3e4,T3,2017-10-23,5.577907827,0,NA,0,0,0
FCR,T3e4,T3,2017-10-30,5.577907827,NA,4.171,0,1,0
FCR,T4e1,T4,2017-05-07,2.072665204,3.19E-05,NA,0,0,1
FCR,T4e1,T4,2017-05-14,2.072665204,0.005599181,15.542,0,0,0
FCR,T4e1,T4,2017-05-22,2.072665204,0,12.77,0,0,0
FCR,T4e1,T4,2017-05-29,2.072665204,0.044417266,2.2088,0,0,0
FCR,T4e1,T4,2017-06-05,2.072665204,0.0021,6.071,0,0,0
FCR,T4e1,T4,2017-06-12,2.072665204,0.028665632,6.8255,0,0,0
FCR,T4e1,T4,2017-06-19,2.072665204,1.349772382,19.087,0,0,0
FCR,T4e1,T4,2017-06-26,2.072665204,1.935038925,NA,0,0,1
FCR,T4e1,T4,2017-07-05,2.072665204,0.044986345,1.6578,0,0,0
FCR,T4e1,T4,2017-07-10,2.072665204,0.002332731,3.0145,0,0,0
FCR,T4e1,T4,2017-07-17,2.072665204,0.183770561,4.0136,0,0,0
FCR,T4e1,T4,2017-07-24,2.072665204,0.269635257,6.4718,0,0,0
FCR,T4e1,T4,2017-07-31,2.072665204,0.664495929,8.5776,0,0,0
FCR,T4e1,T4,2017-08-07,2.072665204,1.452352691,21.355,0,0,0
FCR,T4e1,T4,2017-08-22,2.072665204,5.903962694,13.314,0,0,0
FCR,T4e1,T4,2017-09-04,2.072665204,1.163404318,9.8119,0,0,0
FCR,T4e1,T4,2017-09-11,2.072665204,0.317158414,4.1111,0,0,0
FCR,T4e1,T4,2017-09-18,2.072665204,0.416163739,2.2499,0,0,0
FCR,T4e1,T4,2017-09-25,2.072665204,0,11.935,0,0,0
FCR,T4e1,T4,2017-10-02,2.072665204,3.620088335,6.1175,0,0,0
FCR,T4e1,T4,2017-10-09,2.072665204,NA,NA,0,1,1
FCR,T4e1,T4,2017-10-16,2.072665204,2.598642138,15.046,0,0,0
FCR,T4e1,T4,2017-10-23,2.072665204,0,12.411,0,0,0
FCR,T4e1,T4,2017-10-30,2.072665204,NA,4.1739,0,1,0
FCR,T4e2,T4,2017-05-07,2.072665204,3.72E-05,NA,0,0,1
FCR,T4e2,T4,2017-05-14,2.072665204,0,10.772,0,0,0
FCR,T4e2,T4,2017-05-22,2.072665204,17.0235047,15.903,0,0,0
FCR,T4e2,T4,2017-05-29,2.072665204,0,1.3319,0,0,0
FCR,T4e2,T4,2017-06-05,2.072665204,0,8.0479,0,0,0
FCR,T4e2,T4,2017-06-12,2.072665204,0,10.283,0,0,0
FCR,T4e2,T4,2017-06-19,2.072665204,0.218569022,19.888,0,0,0
FCR,T4e2,T4,2017-06-26,2.072665204,0,NA,0,0,1
FCR,T4e2,T4,2017-07-05,2.072665204,0,8.0705,0,0,0
FCR,T4e2,T4,2017-07-10,2.072665204,0,4.537,0,0,0
FCR,T4e2,T4,2017-07-17,2.072665204,0.356947922,3.4626,0,0,0
FCR,T4e2,T4,2017-07-24,2.072665204,0.168638382,7.8598,0,0,0
FCR,T4e2,T4,2017-07-31,2.072665204,0.004319408,5.9384,0,0,0
FCR,T4e2,T4,2017-08-07,2.072665204,0,17.073,0,0,0
FCR,T4e2,T4,2017-08-22,2.072665204,0,13.482,0,0,0
FCR,T4e2,T4,2017-09-04,2.072665204,0.011991094,14.168,0,0,0
FCR,T4e2,T4,2017-09-11,2.072665204,2.440675531,3.4785,0,0,0
FCR,T4e2,T4,2017-09-18,2.072665204,1.250067154,2.0872,0,0,0
FCR,T4e2,T4,2017-09-25,2.072665204,2.137814699,11.089,0,0,0
FCR,T4e2,T4,2017-10-02,2.072665204,6.5868468,9.145,0,0,0
FCR,T4e2,T4,2017-10-09,2.072665204,NA,NA,0,1,1
FCR,T4e2,T4,2017-10-16,2.072665204,5.946451323,33.176,0,0,0
FCR,T4e2,T4,2017-10-23,2.072665204,6.844628653,7.0057,0,0,0
FCR,T4e2,T4,2017-10-30,2.072665204,NA,4.2456,0,1,0
FCR,T4e2,T4,2018-05-28,4.968300415,0.020392263,NA,0,0,1
FCR,T4e2,T4,2018-06-04,4.968300415,0.026314775,NA,0,0,1
FCR,T4e2,T4,2018-06-11,4.968300415,0.013178854,NA,0,0,1
FCR,T4e2,T4,2018-06-18,4.968300415,0.002204765,NA,0,0,1
FCR,T4e2,T4,2018-07-09,4.968300415,0.08528936,NA,0,0,1
FCR,T4e2,T4,2018-07-16,4.968300415,0.042203207,NA,0,0,1
FCR,T4e2,T4,2018-07-23,4.968300415,0.196659327,NA,0,0,1
FCR,T4e2,T4,2018-07-30,4.968300415,0.120941009,NA,0,0,1
FCR,T4e2,T4,2018-08-06,4.968300415,0.005442156,NA,0,0,1
FCR,T4e2,T4,2018-08-20,4.968300415,0.007018012,NA,0,0,1
FCR,T4e2,T4,2018-08-27,4.968300415,1.86339469,NA,0,0,1
FCR,T4e2,T4,2018-09-03,4.968300415,0.456758349,NA,0,0,1
FCR,T4e2,T4,2018-09-10,4.968300415,0.452680029,NA,0,0,1
FCR,T4e2,T4,2018-09-17,4.968300415,0.497845429,NA,0,0,1
FCR,T4e2,T4,2018-09-24,4.968300415,0.023999476,NA,0,0,1
FCR,T4e2,T4,2018-10-01,4.968300415,0.135982826,NA,0,0,1
FCR,T4e2,T4,2018-10-08,4.968300415,6.375937619,NA,0,0,1
FCR,T4e2,T4,2018-10-15,4.968300415,0.017469763,NA,0,0,1
FCR,T4e2,T4,2018-10-22,4.968300415,1.205730049,NA,0,0,1
FCR,T4e3,T4,2017-05-07,5.913191904,0.002665103,NA,0,0,1
FCR,T4e3,T4,2017-05-14,5.913191904,0,10.125,0,0,0
FCR,T4e3,T4,2017-05-22,5.913191904,0,11.159,0,0,0
FCR,T4e3,T4,2017-05-29,5.913191904,0,3.4931,0,0,0
FCR,T4e3,T4,2017-06-05,5.913191904,0,8.9679,0,0,0
FCR,T4e3,T4,2017-06-12,5.913191904,0,12.459,0,0,0
FCR,T4e3,T4,2017-06-19,5.913191904,0.114498109,7.5613,0,0,0
FCR,T4e3,T4,2017-06-26,5.913191904,3.30E-05,NA,0,0,1
FCR,T4e3,T4,2017-07-05,5.913191904,0,5.0243,0,0,0
FCR,T4e3,T4,2017-07-10,5.913191904,1.36E-04,3.5587,0,0,0
FCR,T4e3,T4,2017-07-17,5.913191904,0.028808345,3.6696,0,0,0
FCR,T4e3,T4,2017-07-24,5.913191904,0.164144393,8.1223,0,0,0
FCR,T4e3,T4,2017-07-31,5.913191904,0.009227591,2.8294,0,0,0
FCR,T4e3,T4,2017-08-07,5.913191904,0,17.496,0,0,0
FCR,T4e3,T4,2017-08-22,5.913191904,0,18.841,0,0,0
FCR,T4e3,T4,2017-09-04,5.913191904,0,6.4536,0,0,0
FCR,T4e3,T4,2017-09-11,5.913191904,0,4.6394,0,0,0
FCR,T4e3,T4,2017-09-18,5.913191904,0,1.8182,0,0,0
FCR,T4e3,T4,2017-09-25,5.913191904,0,12.575,0,0,0
FCR,T4e3,T4,2017-10-02,5.913191904,0,5.7816,0,0,0
FCR,T4e3,T4,2017-10-09,5.913191904,NA,NA,0,1,1
FCR,T4e3,T4,2017-10-16,5.913191904,0,21.44,0,0,0
FCR,T4e3,T4,2017-10-23,5.913191904,0,7.0544,0,0,0
FCR,T4e3,T4,2017-10-30,5.913191904,NA,4.1736,0,1,0
FCR,T4e3,T4,2018-05-21,2.072665204,0.012285965,NA,0,0,1
FCR,T4e3,T4,2018-05-28,5.913191904,6.79E-05,NA,0,0,1
FCR,T4e3,T4,2018-06-25,5.913191904,0.094857557,NA,0,0,1
FCR,T4e3,T4,2018-07-05,5.913191904,0.001778613,NA,0,0,1
FCR,T4e3,T4,2018-09-03,5.913191904,0.422043951,NA,0,0,1
FCR,T4e3,T4,2018-09-17,5.913191904,0.359936379,NA,0,0,1
FCR,T4e3,T4,2018-10-15,5.913191904,7.59E-05,NA,0,0,1
FCR,T4e3,T4,2018-10-22,5.913191904,4.161650142,NA,0,0,1
FCR,T4e3,T4,2018-10-29,5.913191904,6.73E-05,NA,0,0,1
FCR,T4e4,T4,2017-05-07,4.968300415,6.96E-06,NA,0,0,1
FCR,T4e4,T4,2017-05-14,4.968300415,0.006568357,7.0779,0,0,0
FCR,T4e4,T4,2017-05-22,4.968300415,0,11.663,0,0,0
FCR,T4e4,T4,2017-05-29,4.968300415,0,3.1297,0,0,0
FCR,T4e4,T4,2017-06-05,4.968300415,0,10.661,0,0,0
FCR,T4e4,T4,2017-06-12,4.968300415,0,6.027,0,0,0
FCR,T4e4,T4,2017-06-19,4.968300415,0.005026725,12.545,0,0,0
FCR,T4e4,T4,2017-06-26,4.968300415,0,NA,0,0,1
FCR,T4e4,T4,2017-07-05,4.968300415,0,5.9303,0,0,0
FCR,T4e4,T4,2017-07-10,4.968300415,2.07E-05,2.8724,0,0,0
FCR,T4e4,T4,2017-07-17,4.968300415,0.02776416,2.8608,0,0,0
FCR,T4e4,T4,2017-07-24,4.968300415,0.057357609,2.8559,0,0,0
FCR,T4e4,T4,2017-07-31,4.968300415,0.002099512,4.2129,0,0,0
FCR,T4e4,T4,2017-08-07,4.968300415,0,23.417,0,0,0
FCR,T4e4,T4,2017-08-22,4.968300415,0,17.1,0,0,0
FCR,T4e4,T4,2017-09-04,4.968300415,0,8.8216,0,0,0
FCR,T4e4,T4,2017-09-11,4.968300415,7.33E-04,5.2271,0,0,0
FCR,T4e4,T4,2017-09-18,4.968300415,0,2.4245,0,0,0
FCR,T4e4,T4,2017-09-25,4.968300415,0,12.508,0,0,0
FCR,T4e4,T4,2017-10-02,4.968300415,0,5.8428,0,0,0
FCR,T4e4,T4,2017-10-09,4.968300415,NA,NA,0,1,1
FCR,T4e4,T4,2017-10-16,4.968300415,0.013812069,17.778,0,0,0
FCR,T4e4,T4,2017-10-23,4.968300415,0,6.2407,0,0,0
FCR,T4e4,T4,2017-10-30,4.968300415,NA,3.98256,0,1,0
FCR,T5e1,T5,2017-05-07,6.919044136,1.80E-05,NA,0,0,1
FCR,T5e1,T5,2017-05-14,6.919044136,0,10.979,0,0,0
FCR,T5e1,T5,2017-05-22,6.919044136,0,11.769,0,0,0
FCR,T5e1,T5,2017-05-29,6.919044136,0,3.0678,0,0,0
FCR,T5e1,T5,2017-06-05,6.919044136,0,12.825,0,0,0
FCR,T5e1,T5,2017-06-12,6.919044136,0,12.254,0,0,0
FCR,T5e1,T5,2017-06-19,6.919044136,0.131775224,13.818,0,0,0
FCR,T5e1,T5,2017-06-26,6.919044136,0.042666441,13.56,0,0,0
FCR,T5e1,T5,2017-07-05,6.919044136,0,3.2885,0,0,0
FCR,T5e1,T5,2017-07-10,6.919044136,0,3.6042,0,0,0
FCR,T5e1,T5,2017-07-17,6.919044136,0.021931331,5.9577,0,0,0
FCR,T5e1,T5,2017-07-24,6.919044136,0.06245164,4.1595,0,0,0
FCR,T5e1,T5,2017-07-31,6.919044136,0,16.657,0,0,0
FCR,T5e1,T5,2017-08-07,6.919044136,0,19.108,0,0,0
FCR,T5e1,T5,2017-08-14,6.919044136,0,9.0904,0,0,0
FCR,T5e1,T5,2017-08-22,6.919044136,0,11.946,0,0,0
FCR,T5e1,T5,2017-09-04,6.919044136,0,NA,0,0,1
FCR,T5e1,T5,2017-09-11,6.919044136,0.009115809,4.3001,0,0,0
FCR,T5e1,T5,2017-09-18,6.919044136,0,2.9296,0,0,0
FCR,T5e1,T5,2017-09-25,6.919044136,0,3.1964,0,0,0
FCR,T5e1,T5,2017-10-02,6.919044136,0,12.102,0,0,0
FCR,T5e1,T5,2017-10-09,6.919044136,0,17.7225,0,0,0
FCR,T5e1,T5,2017-10-16,6.919044136,0,23.343,0,0,0
FCR,T5e1,T5,2017-10-23,6.919044136,0,8.5625,0,0,0
FCR,T5e2,T5,2017-05-07,9.723238235,0.173075694,NA,0,0,1
FCR,T5e2,T5,2017-05-14,9.723238235,0.062711668,16.675,0,0,0
FCR,T5e2,T5,2017-05-22,9.723238235,0.004036264,12.858,0,0,0
FCR,T5e2,T5,2017-05-29,9.723238235,11.44479217,3.4824,0,0,0
FCR,T5e2,T5,2017-06-05,9.723238235,26.49616755,13.338,0,0,0
FCR,T5e2,T5,2017-06-12,9.723238235,21.34099268,17.088,0,0,0
FCR,T5e2,T5,2017-06-19,9.723238235,30.56768297,15.0325,0,0,0
FCR,T5e2,T5,2017-06-26,9.723238235,61.80419213,13.939,0,0,0
FCR,T5e2,T5,2017-07-05,9.723238235,19.42205252,7.4361,0,0,0
FCR,T5e2,T5,2017-07-10,9.723238235,30.74032402,3.3856,0,0,0
FCR,T5e2,T5,2017-07-17,9.723238235,33.193724,3.245,0,0,0
FCR,T5e2,T5,2017-07-24,9.723238235,31.69009002,6.3289,0,0,0
FCR,T5e2,T5,2017-07-31,9.723238235,22.11445457,62.296,0,0,0
FCR,T5e2,T5,2017-08-07,9.723238235,43.05614326,16.86,0,0,0
FCR,T5e2,T5,2017-08-14,9.723238235,24.78656726,NA,0,0,1
FCR,T5e2,T5,2017-08-22,9.723238235,29.33593646,7.1798,0,0,0
FCR,T5e2,T5,2017-09-04,9.723238235,0,9.1891,0,0,0
FCR,T5e2,T5,2017-09-11,9.723238235,40.15517024,3.1872,0,0,0
FCR,T5e2,T5,2017-09-18,9.723238235,39.85730543,5.9665,0,0,0
FCR,T5e2,T5,2017-09-25,9.723238235,43.43995448,10.126,0,0,0
FCR,T5e2,T5,2017-10-02,9.723238235,21.69582003,10.252,0,0,0
FCR,T5e2,T5,2017-10-09,9.723238235,34.74049466,9.7615,0,0,0
FCR,T5e2,T5,2017-10-16,9.723238235,38.1740243,20.361,0,0,0
FCR,T5e2,T5,2017-10-23,9.723238235,7.401953743,8.3459,0,0,0
FCR,T5e2,T5,2018-08-06,9.723238235,0.003202377,NA,0,0,1
FCR,T5e2,T5,2018-09-03,9.723238235,0.260256305,NA,0,0,1
FCR,T5e2,T5,2018-09-17,9.723238235,33.70828954,NA,0,0,1
FCR,T5e2,T5,2018-10-08,9.723238235,2.78E-04,NA,0,0,1
FCR,T5e2,T5,2018-10-15,9.723238235,4.01E-06,NA,0,0,1
FCR,T5e2,T5,2018-10-22,9.723238235,0.054507175,NA,0,0,1
FCR,T5e3,T5,2017-05-07,8.717386003,0.001343835,NA,0,0,1
FCR,T5e3,T5,2017-05-14,8.717386003,4.49E-05,17.372,0,0,0
FCR,T5e3,T5,2017-05-22,8.717386003,0,5.3318,0,0,0
FCR,T5e3,T5,2017-05-29,8.717386003,0.016925501,5.8118,0,0,0
FCR,T5e3,T5,2017-06-05,8.717386003,33.47065748,9.746,0,0,0
FCR,T5e3,T5,2017-06-12,8.717386003,6.286324973,11.906,0,0,0
FCR,T5e3,T5,2017-06-19,8.717386003,67.69726728,32.854,0,0,0
FCR,T5e3,T5,2017-06-26,8.717386003,100.7285517,16.521,0,0,0
FCR,T5e3,T5,2017-07-05,8.717386003,13.24967018,4.2823,0,0,0
FCR,T5e3,T5,2017-07-10,8.717386003,28.97543571,3.9278,0,0,0
FCR,T5e3,T5,2017-07-17,8.717386003,23.42449363,4.3057,0,0,0
FCR,T5e3,T5,2017-07-24,8.717386003,41.19750563,4.8965,0,0,0
FCR,T5e3,T5,2017-07-31,8.717386003,16.98086249,33.553,0,0,0
FCR,T5e3,T5,2017-08-07,8.717386003,60.05691416,16.935,0,0,0
FCR,T5e3,T5,2017-08-14,8.717386003,22.59195079,11.471,0,0,0
FCR,T5e3,T5,2017-08-22,8.717386003,23.54646838,NA,0,0,1
FCR,T5e3,T5,2017-09-04,8.717386003,0,14.726,0,0,0
FCR,T5e3,T5,2017-09-11,8.717386003,40.57932201,2.3185,0,0,0
FCR,T5e3,T5,2017-09-18,8.717386003,25.42118078,4.2245,0,0,0
FCR,T5e3,T5,2017-09-25,8.717386003,38.84321599,13.147,0,0,0
FCR,T5e3,T5,2017-10-02,8.717386003,NA,10.027,0,0,0
FCR,T5e3,T5,2017-10-09,8.717386003,29.48941498,9.1239,0,0,0
FCR,T5e3,T5,2017-10-16,8.717386003,32.15031078,18.131,0,0,0
FCR,T5e3,T5,2017-10-23,8.717386003,0.388434364,8.3325,0,0,0
FCR,T5e3,T5,2018-06-04,8.717386003,0.032254631,NA,0,0,1
FCR,T5e3,T5,2018-06-18,8.717386003,0.530668528,NA,0,0,1
FCR,T5e3,T5,2018-06-25,8.717386003,7.879274877,NA,0,0,1
FCR,T5e3,T5,2018-07-05,8.717386003,0.737200484,NA,0,0,1
FCR,T5e3,T5,2018-07-09,8.717386003,14.44487857,NA,0,0,1
FCR,T5e3,T5,2018-07-16,8.717386003,0.040516406,NA,0,0,1
FCR,T5e3,T5,2018-07-23,8.717386003,19.13802593,NA,0,0,1
FCR,T5e3,T5,2018-07-30,8.717386003,0.006783119,NA,0,0,1
FCR,T5e3,T5,2018-08-06,8.717386003,3.27089373,NA,0,0,1
FCR,T5e3,T5,2018-08-20,8.717386003,3.99E-04,NA,0,0,1
FCR,T5e3,T5,2018-08-27,8.717386003,1.177794623,NA,0,0,1
FCR,T5e3,T5,2018-09-03,8.717386003,0.007265684,NA,0,0,1
FCR,T5e3,T5,2018-09-10,8.717386003,11.01247524,NA,0,0,1
FCR,T5e3,T5,2018-10-08,8.717386003,1.52351659,NA,0,0,1
FCR,T5e3,T5,2018-10-15,8.717386003,0.464204368,NA,0,0,1
FCR,T5e3,T5,2018-10-22,8.717386003,5.771947361,NA,0,0,1
FCR,T5e3,T5,2018-10-29,8.717386003,5.912220419,NA,0,0,1
FCR,T5e4,T5,2017-05-07,2.560351134,2.86E-04,NA,0,0,1
FCR,T5e4,T5,2017-05-14,2.560351134,0,8.1735,0,0,0
FCR,T5e4,T5,2017-05-22,2.560351134,1.17E-05,7.8064,0,0,0
FCR,T5e4,T5,2017-05-29,2.560351134,0.018197228,4.2287,0,0,0
FCR,T5e4,T5,2017-06-05,2.560351134,0,9.2004,0,0,0
FCR,T5e4,T5,2017-06-12,2.560351134,0,5.0805,0,0,0
FCR,T5e4,T5,2017-06-19,2.560351134,0,24.366,0,0,0
FCR,T5e4,T5,2017-06-26,2.560351134,0,14.68965,0,0,0
FCR,T5e4,T5,2017-07-05,2.560351134,0.035888819,5.0133,0,0,0
FCR,T5e4,T5,2017-07-10,2.560351134,0.338296778,6.1692,0,0,0
FCR,T5e4,T5,2017-07-17,2.560351134,0.045621741,2.6613,0,0,0
FCR,T5e4,T5,2017-07-24,2.560351134,0.531163272,6.5884,0,0,0
FCR,T5e4,T5,2017-07-31,2.560351134,0.021820148,4.1341,0,0,0
FCR,T5e4,T5,2017-08-07,2.560351134,0,49.021,0,0,0
FCR,T5e4,T5,2017-08-14,2.560351134,0,24.938,0,0,0
FCR,T5e4,T5,2017-08-22,2.560351134,0,11.846,0,0,0
FCR,T5e4,T5,2017-09-04,2.560351134,0,8.4755,0,0,0
FCR,T5e4,T5,2017-09-11,2.560351134,1.972808929,3.1147,0,0,0
FCR,T5e4,T5,2017-09-18,2.560351134,0,2.9642,0,0,0
FCR,T5e4,T5,2017-09-25,2.560351134,0,4.4858,0,0,0
FCR,T5e4,T5,2017-10-02,2.560351134,0,8.7556,0,0,0
FCR,T5e4,T5,2017-10-09,2.560351134,0,18.3408,0,0,0
FCR,T5e4,T5,2017-10-16,2.560351134,0,27.926,0,0,0
FCR,T5e4,T5,2017-10-23,2.560351134,0,6.0153,0,0,0
